{
  "aha_mode": "gpt",
  "glm_headline": {
    "formula": "correct ~ C(problem) + step_std + temp_low + aha + temp_low:aha",
    "N": 22272,
    "coef_temp_low": 0.20823171193773626,
    "p_temp_low": 0.025429023928865133,
    "coef_aha": -1.2300414139589935,
    "p_aha": 0.0012216499351930547,
    "coef_interaction": -0.2369888768275395,
    "p_interaction": 0.4943612348209261
  },
  "stage_interaction_headline": {
    "formula": "correct ~ C(problem) + step_std + temp_low + C(stage) + aha + temp_low:aha + temp_low:C(stage) + aha:C(stage)",
    "N": 22272,
    "coef_temp_low": 0.2130503326797183,
    "p_temp_low": 0.08858057288742446,
    "coef_aha": -1.0069395548060527,
    "p_aha": 0.05976617652944841,
    "coef_temp_low_x_aha": -0.22529557317289972,
    "p_temp_low_x_aha": 0.5135462257405023
  }
}