{
  "aha_mode": "formal",
  "glm_headline": {
    "formula": "correct ~ C(problem) + step_std + temp_low + aha_formal + temp_low:aha_formal",
    "N": 22272,
    "coef_temp_low": 0.20584560017583295,
    "p_temp_low": 0.024354867024467874,
    "coef_aha": 0.25431984292420695,
    "p_aha": 0.7843557399614483,
    "coef_interaction": 0.8306121516639289,
    "p_interaction": 0.5776333069018301
  },
  "stage_interaction_headline": {
    "formula": "correct ~ C(problem) + step_std + temp_low + C(stage) + aha_formal + temp_low:aha_formal + temp_low:C(stage) + aha_formal:C(stage)",
    "N": 22272,
    "coef_temp_low": 0.21199560016027202,
    "p_temp_low": 0.08765106255468266,
    "coef_aha": -0.07211417748956994,
    "p_aha": 0.9573018902620465,
    "coef_temp_low_x_aha": 0.7128496984023829,
    "p_temp_low_x_aha": 0.5854548682271101
  }
}